-- MySQL dump 10.13  Distrib 8.1.0, for Win64 (x86_64)
--
-- Host: localhost    Database: clinic_booking
-- ------------------------------------------------------
-- Server version	8.1.0

/*!40101 SET @OLD_CHARACTER_SET_CLIENT=@@CHARACTER_SET_CLIENT */;
/*!40101 SET @OLD_CHARACTER_SET_RESULTS=@@CHARACTER_SET_RESULTS */;
/*!40101 SET @OLD_COLLATION_CONNECTION=@@COLLATION_CONNECTION */;
/*!50503 SET NAMES utf8mb4 */;
/*!40103 SET @OLD_TIME_ZONE=@@TIME_ZONE */;
/*!40103 SET TIME_ZONE='+00:00' */;
/*!40014 SET @OLD_UNIQUE_CHECKS=@@UNIQUE_CHECKS, UNIQUE_CHECKS=0 */;
/*!40014 SET @OLD_FOREIGN_KEY_CHECKS=@@FOREIGN_KEY_CHECKS, FOREIGN_KEY_CHECKS=0 */;
/*!40101 SET @OLD_SQL_MODE=@@SQL_MODE, SQL_MODE='NO_AUTO_VALUE_ON_ZERO' */;
/*!40111 SET @OLD_SQL_NOTES=@@SQL_NOTES, SQL_NOTES=0 */;

--
-- Table structure for table `appointments`
--

DROP TABLE IF EXISTS `appointments`;
/*!40101 SET @saved_cs_client     = @@character_set_client */;
/*!50503 SET character_set_client = utf8mb4 */;
CREATE TABLE `appointments` (
  `appointment_id` int NOT NULL AUTO_INCREMENT,
  `patient_id` int DEFAULT NULL,
  `doctor_id` int DEFAULT NULL,
  `appointment_date` datetime NOT NULL,
  `status` varchar(20) DEFAULT NULL,
  PRIMARY KEY (`appointment_id`),
  KEY `patient_id` (`patient_id`),
  KEY `doctor_id` (`doctor_id`),
  CONSTRAINT `appointments_ibfk_1` FOREIGN KEY (`patient_id`) REFERENCES `patients` (`patient_id`),
  CONSTRAINT `appointments_ibfk_2` FOREIGN KEY (`doctor_id`) REFERENCES `doctors` (`doctor_id`)
) ENGINE=InnoDB AUTO_INCREMENT=4 DEFAULT CHARSET=utf8mb4 COLLATE=utf8mb4_0900_ai_ci;
/*!40101 SET character_set_client = @saved_cs_client */;

--
-- Dumping data for table `appointments`
--

LOCK TABLES `appointments` WRITE;
/*!40000 ALTER TABLE `appointments` DISABLE KEYS */;
INSERT INTO `appointments` VALUES (1,1,1,'2025-08-20 10:30:00','Scheduled'),(2,2,2,'2025-08-21 14:00:00','Completed'),(3,3,3,'2025-08-22 09:00:00','Cancelled');
/*!40000 ALTER TABLE `appointments` ENABLE KEYS */;
UNLOCK TABLES;

--
-- Table structure for table `doctors`
--

DROP TABLE IF EXISTS `doctors`;
/*!40101 SET @saved_cs_client     = @@character_set_client */;
/*!50503 SET character_set_client = utf8mb4 */;
CREATE TABLE `doctors` (
  `doctor_id` int NOT NULL AUTO_INCREMENT,
  `first_name` varchar(50) DEFAULT NULL,
  `last_name` varchar(50) DEFAULT NULL,
  `phone` varchar(15) DEFAULT NULL,
  `email` varchar(100) DEFAULT NULL,
  `specialization_id` int DEFAULT NULL,
  PRIMARY KEY (`doctor_id`),
  UNIQUE KEY `phone` (`phone`),
  UNIQUE KEY `email` (`email`),
  KEY `specialization_id` (`specialization_id`),
  CONSTRAINT `doctors_ibfk_1` FOREIGN KEY (`specialization_id`) REFERENCES `specializations` (`specialization_id`)
) ENGINE=InnoDB AUTO_INCREMENT=4 DEFAULT CHARSET=utf8mb4 COLLATE=utf8mb4_0900_ai_ci;
/*!40101 SET character_set_client = @saved_cs_client */;

--
-- Dumping data for table `doctors`
--

LOCK TABLES `doctors` WRITE;
/*!40000 ALTER TABLE `doctors` DISABLE KEYS */;
INSERT INTO `doctors` VALUES (1,'James','Mwangi','0745678901','j.mwangi@clinic.com',1),(2,'Jane','Otieno','0756789012','j.otieno@clinic.com',2),(3,'Peter','Kamau','0767890123','p.kamau@clinic.com',3);
/*!40000 ALTER TABLE `doctors` ENABLE KEYS */;
UNLOCK TABLES;

--
-- Table structure for table `patients`
--

DROP TABLE IF EXISTS `patients`;
/*!40101 SET @saved_cs_client     = @@character_set_client */;
/*!50503 SET character_set_client = utf8mb4 */;
CREATE TABLE `patients` (
  `patient_id` int NOT NULL AUTO_INCREMENT,
  `first_name` varchar(50) DEFAULT NULL,
  `last_name` varchar(50) DEFAULT NULL,
  `date_of_birth` date DEFAULT NULL,
  `gender` varchar(10) DEFAULT NULL,
  `phone` varchar(15) DEFAULT NULL,
  `email` varchar(100) DEFAULT NULL,
  PRIMARY KEY (`patient_id`),
  UNIQUE KEY `phone` (`phone`),
  UNIQUE KEY `email` (`email`)
) ENGINE=InnoDB AUTO_INCREMENT=4 DEFAULT CHARSET=utf8mb4 COLLATE=utf8mb4_0900_ai_ci;
/*!40101 SET character_set_client = @saved_cs_client */;

--
-- Dumping data for table `patients`
--

LOCK TABLES `patients` WRITE;
/*!40000 ALTER TABLE `patients` DISABLE KEYS */;
INSERT INTO `patients` VALUES (1,'John','Doe','1990-05-15','Male','0712345678','john.doe@example.com'),(2,'Mary','Smith','1985-11-20','Female','0723456789','mary.smith@example.com'),(3,'Ali','Hassan','1993-02-10','Male','0734567890','ali.hassan@example.com');
/*!40000 ALTER TABLE `patients` ENABLE KEYS */;
UNLOCK TABLES;

--
-- Table structure for table `payments`
--

DROP TABLE IF EXISTS `payments`;
/*!40101 SET @saved_cs_client     = @@character_set_client */;
/*!50503 SET character_set_client = utf8mb4 */;
CREATE TABLE `payments` (
  `payment_id` int NOT NULL AUTO_INCREMENT,
  `appointment_id` int DEFAULT NULL,
  `amount` decimal(10,2) DEFAULT NULL,
  `payment_date` datetime DEFAULT NULL,
  `payment_method` varchar(50) DEFAULT NULL,
  PRIMARY KEY (`payment_id`),
  KEY `appointment_id` (`appointment_id`),
  CONSTRAINT `payments_ibfk_1` FOREIGN KEY (`appointment_id`) REFERENCES `appointments` (`appointment_id`)
) ENGINE=InnoDB AUTO_INCREMENT=3 DEFAULT CHARSET=utf8mb4 COLLATE=utf8mb4_0900_ai_ci;
/*!40101 SET character_set_client = @saved_cs_client */;

--
-- Dumping data for table `payments`
--

LOCK TABLES `payments` WRITE;
/*!40000 ALTER TABLE `payments` DISABLE KEYS */;
INSERT INTO `payments` VALUES (1,2,5000.00,'2025-08-21 15:00:00','Cash'),(2,1,3000.00,'2025-08-20 11:00:00','MPesa');
/*!40000 ALTER TABLE `payments` ENABLE KEYS */;
UNLOCK TABLES;

--
-- Table structure for table `specializations`
--

DROP TABLE IF EXISTS `specializations`;
/*!40101 SET @saved_cs_client     = @@character_set_client */;
/*!50503 SET character_set_client = utf8mb4 */;
CREATE TABLE `specializations` (
  `specialization_id` int NOT NULL AUTO_INCREMENT,
  `specialization_name` varchar(100) NOT NULL,
  PRIMARY KEY (`specialization_id`),
  UNIQUE KEY `specialization_name` (`specialization_name`)
) ENGINE=InnoDB AUTO_INCREMENT=4 DEFAULT CHARSET=utf8mb4 COLLATE=utf8mb4_0900_ai_ci;
/*!40101 SET character_set_client = @saved_cs_client */;

--
-- Dumping data for table `specializations`
--

LOCK TABLES `specializations` WRITE;
/*!40000 ALTER TABLE `specializations` DISABLE KEYS */;
INSERT INTO `specializations` VALUES (1,'Cardiology'),(2,'Dermatology'),(3,'General Medicine');
/*!40000 ALTER TABLE `specializations` ENABLE KEYS */;
UNLOCK TABLES;
/*!40103 SET TIME_ZONE=@OLD_TIME_ZONE */;

/*!40101 SET SQL_MODE=@OLD_SQL_MODE */;
/*!40014 SET FOREIGN_KEY_CHECKS=@OLD_FOREIGN_KEY_CHECKS */;
/*!40014 SET UNIQUE_CHECKS=@OLD_UNIQUE_CHECKS */;
/*!40101 SET CHARACTER_SET_CLIENT=@OLD_CHARACTER_SET_CLIENT */;
/*!40101 SET CHARACTER_SET_RESULTS=@OLD_CHARACTER_SET_RESULTS */;
/*!40101 SET COLLATION_CONNECTION=@OLD_COLLATION_CONNECTION */;
/*!40111 SET SQL_NOTES=@OLD_SQL_NOTES */;

-- Dump completed on 2025-08-14  9:43:01
